{"files":{"API_query_message_py":{"hash":"4e02b2eda23e0559d7018d2f3e3b8abe","index":{"html_filename":"API_query_message_py.html","nums":[1,18,0,18,0,0,0],"relative_filename":"API/query/message.py"}},"API_types_body_type_py":{"hash":"9852772c97d03cdb4a6d1c3a12b76c40","index":{"html_filename":"API_types_body_type_py.html","nums":[1,16,0,16,0,0,0],"relative_filename":"API/types/body_type.py"}},"settings_py":{"hash":"21382368aade79a141c458e5e2e5f521","index":{"html_filename":"settings_py.html","nums":[1,4,0,0,0,0,0],"relative_filename":"settings.py"}},"API_types_address_py":{"hash":"39476f2a969a41b22ba94a022c594897","index":{"html_filename":"API_types_address_py.html","nums":[1,10,0,2,0,0,0],"relative_filename":"API/types/address.py"}},"API_types___init___py":{"hash":"11f1835e702105f1fd4ce2c462adbed6","index":{"html_filename":"API_types___init___py.html","nums":[1,9,0,0,0,0,0],"relative_filename":"API/types/__init__.py"}},"API_migrations_0001_initial_py":{"hash":"14c7031cfd29e3546d52f468e2fc1299","index":{"html_filename":"API_migrations_0001_initial_py.html","nums":[1,7,0,0,0,0,0],"relative_filename":"API/migrations/0001_initial.py"}},"API_types_message_type_py":{"hash":"b562617d92ce9134014f636792539508","index":{"html_filename":"API_types_message_type_py.html","nums":[1,8,0,0,0,0,0],"relative_filename":"API/types/message_type.py"}},"API_types_acl_rule_py":{"hash":"6cdef15515e8ad9d359adbfff3e6b592","index":{"html_filename":"API_types_acl_rule_py.html","nums":[1,9,0,0,0,0,0],"relative_filename":"API/types/acl_rule.py"}},"API_features_steps_register_py":{"hash":"a8a9abc8204eec6cb106eed66d6c9271","index":{"html_filename":"API_features_steps_register_py.html","nums":[1,79,0,0,0,0,0],"relative_filename":"API/features/steps/register.py"}},"Teleferic_urls_py":{"hash":"f7ea4e722773b4180393f99d2ce67fe5","index":{"html_filename":"Teleferic_urls_py.html","nums":[1,5,0,0,0,0,0],"relative_filename":"Teleferic/urls.py"}},"API_types_txid_py":{"hash":"8e0982dcd641cc75f4eb795a1baa7d5d","index":{"html_filename":"API_types_txid_py.html","nums":[1,10,0,4,0,0,0],"relative_filename":"API/types/txid.py"}},"Teleferic___init___py":{"hash":"182b2dca469bf063cbcf996d517b03da","index":{"html_filename":"Teleferic___init___py.html","nums":[1,0,0,0,0,0,0],"relative_filename":"Teleferic/__init__.py"}},"Teleferic_wsgi_py":{"hash":"dfc79b3a92dc7191a582985932e48fe3","index":{"html_filename":"Teleferic_wsgi_py.html","nums":[1,4,0,4,0,0,0],"relative_filename":"Teleferic/wsgi.py"}},"API_types_hmac_sha256_py":{"hash":"811e4dffcb54212ac40523d57c0eef81","index":{"html_filename":"API_types_hmac_sha256_py.html","nums":[1,11,0,3,0,0,0],"relative_filename":"API/types/hmac_sha256.py"}},"Teleferic_test_runner_py":{"hash":"1aeaa7c28efed42dce99e6c4595d3ccb","index":{"html_filename":"Teleferic_test_runner_py.html","nums":[1,4,0,0,0,0,0],"relative_filename":"Teleferic/test_runner.py"}},"API_models___init___py":{"hash":"c8f63349db992d831572d8d5b7f48b21","index":{"html_filename":"API_models___init___py.html","nums":[1,3,0,0,0,0,0],"relative_filename":"API/models/__init__.py"}},"API_types_key_py":{"hash":"e14403da0c00b64d7365172ab04d7bf1","index":{"html_filename":"API_types_key_py.html","nums":[1,19,0,7,0,0,0],"relative_filename":"API/types/key.py"}},"API_models_message_py":{"hash":"1cac72c69466392bc878698a5b0cc8f1","index":{"html_filename":"API_models_message_py.html","nums":[1,16,0,1,0,0,0],"relative_filename":"API/models/message.py"}},"API_types_container_hashes_py":{"hash":"ab6e19d87e389fa0fbceec558189be67","index":{"html_filename":"API_types_container_hashes_py.html","nums":[1,10,0,0,0,0,0],"relative_filename":"API/types/container_hashes.py"}},"API_features_steps_invite_py":{"hash":"c2a76ac4780ce2c3bf2c13bb1320cdbb","index":{"html_filename":"API_features_steps_invite_py.html","nums":[1,97,0,3,0,0,0],"relative_filename":"API/features/steps/invite.py"}},"API_views_py":{"hash":"e8f6612bd8e41ca02ae9a6b7c79d0795","index":{"html_filename":"API_views_py.html","nums":[1,1,0,1,0,0,0],"relative_filename":"API/views.py"}},"API_Mock_Teleferic_Identity_py":{"hash":"43babe204b858f1e45074eb7bcde2929","index":{"html_filename":"API_Mock_Teleferic_Identity_py.html","nums":[1,15,0,0,0,0,0],"relative_filename":"API/Mock/Teleferic_Identity.py"}},"libs_tools_py":{"hash":"4e7cce902334923a6648ee75453f12a9","index":{"html_filename":"libs_tools_py.html","nums":[1,3,0,0,0,0,0],"relative_filename":"libs/tools.py"}},"API_Mock___init___py":{"hash":"84116587bed2cfdc2713ad7bf6732b30","index":{"html_filename":"API_Mock___init___py.html","nums":[1,1,0,0,0,0,0],"relative_filename":"API/Mock/__init__.py"}},"API_types_sign_py":{"hash":"982c33fc2c260e77d2389696bf2d5f99","index":{"html_filename":"API_types_sign_py.html","nums":[1,12,0,2,0,0,0],"relative_filename":"API/types/sign.py"}},"API_types_envelope_py":{"hash":"bf5c7ed913b3583c24ca2ba8613a877c","index":{"html_filename":"API_types_envelope_py.html","nums":[1,20,0,0,0,0,0],"relative_filename":"API/types/envelope.py"}},"API_types_persona_py":{"hash":"0ca32eca91303180ba8fed9c460e0a2b","index":{"html_filename":"API_types_persona_py.html","nums":[1,8,0,0,0,0,0],"relative_filename":"API/types/persona.py"}},"API_mutations_send_message_py":{"hash":"c9a8c6882f5862719977e7e7f25b2261","index":{"html_filename":"API_mutations_send_message_py.html","nums":[1,19,0,0,0,0,0],"relative_filename":"API/mutations/send_message.py"}},"Teleferic_settings_py":{"hash":"a400d4220074d0cd5e553726f1b77ba0","index":{"html_filename":"Teleferic_settings_py.html","nums":[1,26,0,1,0,0,0],"relative_filename":"Teleferic/settings.py"}},"API_admin_py":{"hash":"f254337055cad6febfd3fc086242603a","index":{"html_filename":"API_admin_py.html","nums":[1,12,0,0,0,0,0],"relative_filename":"API/admin.py"}},"libs_AES_py":{"hash":"f639168c15f6d9f8f0a1525f53d03e75","index":{"html_filename":"libs_AES_py.html","nums":[1,27,0,2,0,0,0],"relative_filename":"libs/AES.py"}},"libs_Identity_py":{"hash":"512808902be00f412a41dc0809bfa083","index":{"html_filename":"libs_Identity_py.html","nums":[1,60,0,18,0,0,0],"relative_filename":"libs/Identity.py"}},"API_query_persona_py":{"hash":"8a4897e6ace70343e44abfa262a7d7b9","index":{"html_filename":"API_query_persona_py.html","nums":[1,11,0,2,0,0,0],"relative_filename":"API/query/persona.py"}},"libs___init___py":{"hash":"182b2dca469bf063cbcf996d517b03da","index":{"html_filename":"libs___init___py.html","nums":[1,0,0,0,0,0,0],"relative_filename":"libs/__init__.py"}},"API_features_steps_query_teleferic_py":{"hash":"c1a2476694a5c4e662686ce97f306f97","index":{"html_filename":"API_features_steps_query_teleferic_py.html","nums":[1,59,0,0,0,0,0],"relative_filename":"API/features/steps/query_teleferic.py"}},"API_Mock_Writer_py":{"hash":"eece204c8a281ae322eb5be8755670be","index":{"html_filename":"API_Mock_Writer_py.html","nums":[1,35,0,6,0,0,0],"relative_filename":"API/Mock/Writer.py"}},"API_types_sha256_py":{"hash":"af778ce06ffeac12c764232daa5cdbfd","index":{"html_filename":"API_types_sha256_py.html","nums":[1,11,0,2,0,0,0],"relative_filename":"API/types/sha256.py"}},"API_query___init___py":{"hash":"7ce7b0a7825bd34ed43b5a7333b9b082","index":{"html_filename":"API_query___init___py.html","nums":[1,2,0,0,0,0,0],"relative_filename":"API/query/__init__.py"}},"API_features_steps_query_version_py":{"hash":"25f3d82622578c33f2a020088f32b2b4","index":{"html_filename":"API_features_steps_query_version_py.html","nums":[1,11,0,0,0,0,0],"relative_filename":"API/features/steps/query_version.py"}},"API_Mock_Authorizer_py":{"hash":"e04b30c854b71df68d1945abe019eea1","index":{"html_filename":"API_Mock_Authorizer_py.html","nums":[1,119,0,15,0,0,0],"relative_filename":"API/Mock/Authorizer.py"}},"API_types_invitation_py":{"hash":"09c43990e83da7db5d8a21e998e1a8bd","index":{"html_filename":"API_types_invitation_py.html","nums":[1,13,0,0,0,0,0],"relative_filename":"API/types/invitation.py"}},"libs_RSA_py":{"hash":"214d17446d672d56b8cc025b07722a12","index":{"html_filename":"libs_RSA_py.html","nums":[1,32,0,3,0,0,0],"relative_filename":"libs/RSA.py"}},"gunicorn_conf_py":{"hash":"15b77ae889d162ec884bc717e5e1b5af","index":{"html_filename":"gunicorn_conf_py.html","nums":[1,6,0,6,0,0,0],"relative_filename":"gunicorn_conf.py"}},"manage_py":{"hash":"091fda5e5325dd880af5b3609bb163bc","index":{"html_filename":"manage_py.html","nums":[1,13,0,6,0,0,0],"relative_filename":"manage.py"}},"API_migrations___init___py":{"hash":"182b2dca469bf063cbcf996d517b03da","index":{"html_filename":"API_migrations___init___py.html","nums":[1,0,0,0,0,0,0],"relative_filename":"API/migrations/__init__.py"}},"API_schema_py":{"hash":"03bf3c4d35eb66eb5757da56168122e9","index":{"html_filename":"API_schema_py.html","nums":[1,8,0,0,0,0,0],"relative_filename":"API/schema.py"}},"API_types_blob_py":{"hash":"a7f864ed1269bd98a8b63ba6a14f0fc1","index":{"html_filename":"API_types_blob_py.html","nums":[1,18,0,7,0,0,0],"relative_filename":"API/types/blob.py"}},"API_models_persona_py":{"hash":"b02ec7de6bdd4a4971d6c60017c70c82","index":{"html_filename":"API_models_persona_py.html","nums":[1,8,0,1,0,0,0],"relative_filename":"API/models/persona.py"}},"API_apps_py":{"hash":"f2bc51257193b4900d50af1589ff3933","index":{"html_filename":"API_apps_py.html","nums":[1,4,0,4,0,0,0],"relative_filename":"API/apps.py"}},"API_mutations___init___py":{"hash":"7f6fd3731c4ba4a2b384ebd2a366594f","index":{"html_filename":"API_mutations___init___py.html","nums":[1,1,0,0,0,0,0],"relative_filename":"API/mutations/__init__.py"}},"API_features_steps___init___py":{"hash":"182b2dca469bf063cbcf996d517b03da","index":{"html_filename":"API_features_steps___init___py.html","nums":[1,0,0,0,0,0,0],"relative_filename":"API/features/steps/__init__.py"}},"API___init___py":{"hash":"182b2dca469bf063cbcf996d517b03da","index":{"html_filename":"API___init___py.html","nums":[1,0,0,0,0,0,0],"relative_filename":"API/__init__.py"}},"API_Mock_Reader_py":{"hash":"2c17b0158fc2d799ce30f74b0b1b6276","index":{"html_filename":"API_Mock_Reader_py.html","nums":[1,36,0,6,0,0,0],"relative_filename":"API/Mock/Reader.py"}},"API_query_teleferic_py":{"hash":"83243237648c49ac637042e05c0a239c","index":{"html_filename":"API_query_teleferic_py.html","nums":[1,30,0,0,0,0,0],"relative_filename":"API/query/teleferic.py"}},"API_features_environment_py":{"hash":"25c0a40c484cf121a2cc3d9adfca81e5","index":{"html_filename":"API_features_environment_py.html","nums":[1,8,0,0,0,0,0],"relative_filename":"API/features/environment.py"}}},"settings":"3093a1f92208c10d26e4dac5d54b4f75","format":1,"version":"4.4.1"}